,epoch_losses,elapsed_time
0,1.703133863712679,7.935246584936976
1,1.2485654129942596,15.774984370917082

